title,desription,price
Toyota RAV4, 2013/2020,Жийп Автомат,35 сая
Ford Explorer, 2008/2020,Жийп Автомат,38 сая
Lexus RX, 2011/2020,Жийп Автомат,
Mitsubishi Delica, 2005/2013,Жийп Автомат,
Toyota Sai, 2011/2020,Суудлын тэрэг Автомат,
Toyota Alphard, 2011/2020,Гэр бүлийн Автомат,
Nissan Juke, 2012/2019,Суудлын тэрэг Автомат,
Toyota Sai, 2010/2020,Суудлын тэрэг Автомат,
Subaru Impreza, 2013/2020,Суудлын тэрэг Механик,
Toyota Ist, 2002/2010,Суудлын тэрэг Автомат,
Toyota Prius 30, 2012/2020,Суудлын тэрэг Автомат,
Mercedes-Benz CLA-Class, 2016/2020,Суудлын тэрэг Автомат,
Chevrolet Camaro, 2015/2015,Суудлын тэрэг Автомат,
Toyota Fielder, 2013/2019,Суудлын тэрэг Автомат,
Toyota Passo, 2008/2014,Суудлын тэрэг Автомат,
Lexus LX, 1999/2011,Жийп Автомат,
Toyota Alphard, 2004/2017,Гэр бүлийн Автомат,
Subaru Forester, 2006/2015,Суудлын тэрэг Автомат,
Toyota Crown, 2010/2019,Суудлын тэрэг Автомат,
Toyota Crown, 2009/2019,Суудлын тэрэг Автомат,
Hyundai Sonata, 2015/2020,Суудлын тэрэг Автомат,
Lexus RX, 2008/2015,Жийп Автомат,
Toyota Prius 40, 41, 2012/2020,Гэр бүлийн Автомат,
Toyota Alphard, 2012/2020,Гэр бүлийн Автомат,
Toyota Aqua, 2013/2020,Суудлын тэрэг Автомат,
Toyota Prius 20, 2004/2014,Суудлын тэрэг Автомат,
Toyota Ist, 2008/2016,Суудлын тэрэг Автомат,
Lexus RX, 2017/2020,Жийп Автомат,
Toyota Prius 20, 2008/2020,Суудлын тэрэг Автомат,
Toyota Sienna, 2008/2018,Гэр бүлийн Автомат,
Toyota Prius 20, 2008/2018,Суудлын тэрэг Автомат,
BMW 5-сери, 2010/2019,Суудлын тэрэг Автомат,
Toyota Probox, 2015/2020,Суудлын тэрэг Автомат,
Mercedes-Benz Sprinter, 2008/2020,Гэр бүлийн Автомат,
Toyota Prius 30, 2010/2019,Суудлын тэрэг Автомат,
Toyota Aqua, 2012/2019,Суудлын тэрэг Автомат,
Honda Fit, 2012/2020,Суудлын тэрэг Автомат,
Toyota Prius 20, 2004/2017,Суудлын тэрэг Автомат,
Lexus RX, 2014/2020,Жийп Автомат,
Toyota Camry, 2014/2020,Суудлын тэрэг Автомат,
Toyota Prius 20, 2006/2020,Суудлын тэрэг Автомат,
Toyota Hilux, 2008/2017,Жийп Автомат,
Toyota Corolla, 2008/2018,Суудлын тэрэг Автомат,
Hyundai Starex, 2008/2020,Гэр бүлийн Автомат,
Nissan Patrol, 2016/2016,Жийп Автомат,
Toyota Prius 30, 2010/2015,Суудлын тэрэг Автомат,
Toyota Land Cruiser 70, 1995/2005,Жийп Механик,
Toyota Prius 20, 2008/2017,Суудлын тэрэг Автомат,
Nissan Patrol, 2011/2012,Жийп Автомат,
Lexus RX, 2009/2013,Жийп Автомат,
Toyota Harrier, 2005/2015,Жийп Автомат,
Toyota Prius 30, 2010/2018,Суудлын тэрэг Автомат,
Toyota Prius 30, 2009/2018,Суудлын тэрэг Автомат,
Nissan Patrol, 2014/2014,Жийп Автомат,
Toyota Isis, 2011/2020,Гэр бүлийн Автомат,
Suzuki Бусад, 2018/2020,Суудлын тэрэг Автомат,
Toyota Prius 40, 41, 2012/2019,Суудлын тэрэг Автомат,
Toyota Camry, 2011/2018,Суудлын тэрэг Автомат,
Автомашин Орос, 2019/2019,Жийп Механик,
Toyota Prius 30, 2013/2017,Суудлын тэрэг Автомат,
Toyota Premio, 2009/2018,Суудлын тэрэг Автомат,
Toyota Prius 40, 41, 2013/2020,Суудлын тэрэг Автомат,
Toyota Aqua, 2014/2020,Суудлын тэрэг Автомат,
Toyota Aqua, 2012/2020,Суудлын тэрэг Автомат,
Toyota Harrier, 2008/2018,Жийп Автомат,
Toyota Land Cruiser 200, 2018/2018,Жийп Автомат,
Toyota Harrier, 2007/2017,Жийп Автомат,
Nissan Vanette, 2010/2019,Гэр бүлийн Механик,
Toyota Hiace, 2008/2020,Гэр бүлийн Автомат,23 сая
Toyota Land Cruiser 77, 2012/2012,Жийп Механик,55 сая
Toyota Crown, 2010/2020,Суудлын тэрэг Автомат,
Mercedes-Benz E-Class, 2017/2020,Суудлын тэрэг Автомат,
Mercedes-Benz G-Class, 2007/2013,Жийп Автомат,
Toyota Highlander, 2019/2020,Жийп Автомат,
Subaru XV Crosstrek, 2014/2020,Жийп Автомат,
Lexus NX, 2018/2020,Жийп Автомат,
Toyota Probox, 2015/2020,Суудлын тэрэг Автомат,
Toyota Harrier, 2005/2020,Жийп Автомат,
Toyota Crown, 2003/2013,Суудлын тэрэг Автомат,
Toyota Prius 30, 2014/2020,Суудлын тэрэг Автомат,
Toyota Land Cruiser 100, 1999/2006,Жийп Автомат,
Lexus RX, 2010/2019,Жийп Автомат,
Toyota Prius 30, 2015/2020,Суудлын тэрэг Автомат,
Audi Q7, 2007/2015,Жийп Автомат,
Lexus LX, 2009/2011,Жийп Автомат,
Lexus RX, 2013/2019,Суудлын тэрэг Автомат,
Hyundai Grace, 2003/2012,Гэр бүлийн Механик,
Toyota Corolla, 2015/2020,Суудлын тэрэг Автомат,
Toyota Fielder, 2015/2020,Суудлын тэрэг Автомат,
Toyota Land Cruiser 200, 2008/2013,Жийп Автомат,
Toyota Aqua, 2013/2020,Суудлын тэрэг Автомат,
Hyundai Sonata, 2003/2020,Суудлын тэрэг Автомат,
Toyota Land Cruiser 200, 2014/2015,Жийп Автомат,
Toyota Fielder, 2015/2020,Суудлын тэрэг Автомат,
Toyota Land Cruiser 200, 2016/2016,Жийп Автомат,
Toyota Prius 20, 2008/2018,Суудлын тэрэг Автомат,
Toyota Land Cruiser 200, 2017/2017,Жийп Автомат,
Toyota Prius 30, 2011/2020,Суудлын тэрэг Автомат,
Toyota Harrier, 2007/2019,Жийп Автомат,
Toyota Prius 20, 2012/2020,Суудлын тэрэг Автомат,
Toyota Prius 20, 2005/2015,Суудлын тэрэг Автомат,
Toyota Harrier, 2006/2020,Жийп Автомат,
Toyota Prius 40, 41, 2016/2020,Суудлын тэрэг Автомат,
Toyota Prius 30, 2011/2020,Суудлын тэрэг Автомат,
Toyota Prius 40, 41, 2012/2020,Суудлын тэрэг Автомат,
Toyota Prius 40, 41, 2012/2020,Суудлын тэрэг Автомат,
Toyota Prius 30, 2015/2020,Суудлын тэрэг Автомат,
Toyota Prius 30, 2015/2020,Суудлын тэрэг Автомат,
Toyota Prius 30, 2012/2020,Суудлын тэрэг Автомат,
Toyota Aqua, 2013/2020,Суудлын тэрэг Автомат,
Mercedes-Benz E-Class, 2005/2011,Суудлын тэрэг Автомат,
Nissan Juke, 2012/2020,Жийп Автомат,
Toyota Land Cruiser 100, 2003/2004,Жийп Автомат,
Toyota Vanguard, 2010/2020,Жийп Автомат,
Toyota Prius 20, 2008/2020,Суудлын тэрэг Автомат,
Toyota Prius 40, 41, 2013/2019,Суудлын тэрэг Автомат,
Toyota Passo, 2010/2018,Суудлын тэрэг Автомат,
Toyota Harrier, 2010/2020,Жийп Автомат,
Toyota Prius 30, 2011/2020,Суудлын тэрэг Автомат,
Toyota Land Cruiser Prado, 2003/2013,Жийп Автомат,
Toyota Prius 20, 2008/2018,Суудлын тэрэг Автомат,
Toyota 4Runner, 2015/2020,Жийп Автомат,
Toyota Prius 30, 2011/2020,Суудлын тэрэг Автомат,
Chevrolet Tahoe, 2011/2012,Жийп Автомат,
Lexus LS, 2018/2020,Суудлын тэрэг Автомат,
Mercedes-Benz M-Class, 2000/2008,Жийп Автомат,
Toyota Sai, 2010/2020,Суудлын тэрэг Автомат,
Ford F-сери, 2013/2013,Жийп Автомат,
Toyota Prius 20, 2008/2014,Суудлын тэрэг Автомат,
Toyota Corolla, 2009/2014,Суудлын тэрэг Автомат,
Hyundai Sonata, 2010/2016,Суудлын тэрэг Автомат,
Toyota Will, 2003/2012,Суудлын тэрэг Автомат,
Toyota Prius 20, 2008/2017,Суудлын тэрэг Автомат,
Nissan Tiida, 2012/2019,Суудлын тэрэг Автомат,
Toyota Prius 20, 2006/2020,Суудлын тэрэг Автомат,
Toyota Probox, 2011/2018,Суудлын тэрэг Автомат,
Toyota Vanguard, 2010/2020,Жийп Автомат,35 сая
Mitsubishi Pajero, 1995/2004,Жийп Автомат,13,2 сая
Toyota Alphard, 2008/2020,Гэр бүлийн Автомат,
Toyota Camry, 2012/2019,Суудлын тэрэг Автомат,
Toyota Estima, 2011/2020,Гэр бүлийн Автомат,
Toyota Camry, 2012/2020,Суудлын тэрэг Автомат,
Toyota RAV4, 2017/2020,Жийп Автомат,
Lexus LX, 2004/2011,Жийп Автомат,
Toyota Probox, 2011/2018,Суудлын тэрэг Автомат,
Toyota Prius 30, 2013/2020,Суудлын тэрэг Автомат,
Toyota Vanguard, 2009/2019,Жийп Автомат,
Toyota Aqua, 2013/2018,Суудлын тэрэг Автомат,
Toyota Aqua, 2013/2020,Суудлын тэрэг Автомат,
Toyota Prius 20, 2006/2017,Суудлын тэрэг Автомат,
Toyota RAV4, 2016/2020,Жийп Автомат,
Mercedes-Benz M-Class, 2002/2009,Жийп Автомат,
Toyota Aqua, 2012/2019,Суудлын тэрэг Автомат,
Toyota Sai, 2010/2020,Суудлын тэрэг Автомат,
Toyota Prius 30, 2013/2020,Суудлын тэрэг Автомат,
Lexus LX, 2016/2020,Жийп Автомат,
Lexus RX, 2012/2020,Жийп Автомат,
Toyota Prius 40, 41, 2015/2020,Суудлын тэрэг Автомат,
Toyota Prius 20, 2007/2017,Суудлын тэрэг Автомат,
Toyota Alphard, 2006/2020,Гэр бүлийн Автомат,
Mitsubishi Бусад, 2019/2020,Жийп Автомат,
Lexus LX, 2013/2014,Жийп Автомат,
Toyota Land Cruiser 200, 2013/2013,Жийп Автомат,
Toyota Highlander, 2019/2020,Жийп Автомат,
Toyota Fielder, 2009/2019,Суудлын тэрэг Автомат,
Nissan X-Trail, 2015/2020,Жийп Автомат,
Toyota Prius 20, 2006/2017,Суудлын тэрэг Автомат,
Toyota Prius 20, 2007/2014,Суудлын тэрэг Автомат,
Toyota Land Cruiser 200, 2017/2017,Жийп Автомат,
Toyota Land Cruiser 100, 1999/2008,Жийп Автомат,
Mercedes-Benz G-Class, 2013/2014,Жийп Автомат,
Lexus GX, 2018/2020,Жийп Автомат,
Honda Fit, 2005/2013,Суудлын тэрэг Автомат,
Toyota Vitz, 2008/2015,Суудлын тэрэг Автомат,
Toyota Prius 30, 2010/2019,Суудлын тэрэг Автомат,
Toyota Fielder, 2011/2020,Суудлын тэрэг Автомат,
Lexus GS, 2007/2018,Суудлын тэрэг Автомат,
Toyota Prius 30, 2011/2020,Суудлын тэрэг Автомат,
Toyota Prius 40, 41, 2012/2020,Суудлын тэрэг Автомат,
Toyota Prius 30, 2009/2018,Суудлын тэрэг Автомат,
Toyota Land Cruiser 200, 2015/2015,Жийп Автомат,
Toyota Prius 40, 41, 2013/2020,Гэр бүлийн Автомат,
Toyota Prius 40, 41, 2013/2020,Гэр бүлийн Автомат,
Toyota Vitz, 2008/2015,Суудлын тэрэг Автомат,
Lexus GX, 2005/2011,Жийп Автомат,
Toyota Prius 30, 2011/2020,Суудлын тэрэг Автомат,
Nissan Tiida, 2010/2019,Суудлын тэрэг Автомат,
Toyota Prius 40, 41, 2012/2019,Суудлын тэрэг Автомат,
Mitsubishi Outlander, 2011/2020,Жийп Автомат,
Toyota Land Cruiser Prado, 2006/2015,Жийп Автомат,
Toyota Land Cruiser 200, 2019/2019,Жийп Автомат,
Toyota Land Cruiser 105, 2004/2004,Жийп Механик,
Hyundai Sonata, 2016/2020,Суудлын тэрэг Автомат,
Toyota Harrier, 2007/2017,Суудлын тэрэг Автомат,
Kia Optima/K5, 2016/2020,Суудлын тэрэг Автомат,
Hyundai Sonata, 2016/2020,Суудлын тэрэг Автомат,
Subaru Forester, 2010/2019,Жийп Автомат,
Hyundai Starex, 2012/2020,Гэр бүлийн Механик,
Hyundai Sonata, 2016/2020,Суудлын тэрэг Автомат,
Toyota Prius 30, 2009/2019,Суудлын тэрэг Автомат,
Toyota Vitz, 2006/2014,Суудлын тэрэг Автомат,
Mitsubishi Pajero, 2011/2020,Жийп Автомат,
Toyota Prius 30, 2012/2020,Суудлын тэрэг Автомат,
Toyota Prius 30, 2009/2019,Суудлын тэрэг Автомат,
Lexus LX, 2020/2020,Жийп Автомат,400 сая
Mitsubishi Pajero, 1995/2004,Жийп Автомат,13,2 сая
Toyota Бусад, 2008/2018,Гэр бүлийн Автомат,
Nissan Murano, 2012/2020,Жийп Автомат,
BMW 3-сери, 2011/2020,Суудлын тэрэг Автомат,
Toyota Alphard, 2008/2020,Гэр бүлийн Автомат,
Toyota Land Cruiser 100, 1999/2006,Жийп Автомат,
Toyota Land Cruiser 70, 2019/2019,Жийп Механик,
Toyota Prius 30, 2013/2020,Суудлын тэрэг Автомат,
Toyota Land Cruiser 200, 2018/2019,Жийп Автомат,
Toyota Prius 30, 2012/2020,Суудлын тэрэг Автомат,
Toyota Land Cruiser 200, 2019/2020,Жийп Автомат,
Toyota Corona, 1999/2008,Суудлын тэрэг Автомат,
Chevrolet Captiva Sport, 2011/2019,Жийп Автомат,
Toyota Prius 30, 2015/2020,Суудлын тэрэг Автомат,
Toyota Harrier, 2007/2020,Суудлын тэрэг Автомат,
Toyota Crown, 2012/2020,Суудлын тэрэг Автомат,
Ford F-сери, 2017/2017,Жийп Автомат,
Toyota Crown, 2020/2020,Суудлын тэрэг Автомат,
Mercedes-Benz G-Class, 2019/2020,Жийп Автомат,
Land Rover Range Rover, 2015/2015,Жийп Автомат,
Mercedes-Benz S-Class, 2014/2014,Суудлын тэрэг Автомат,
Toyota Prius 30, 2010/2017,Суудлын тэрэг Автомат,
Hyundai Sonata, 2011/2015,Суудлын тэрэг Автомат,
Toyota Aqua, 2012/2020,Суудлын тэрэг Автомат,
Toyota Land Cruiser 200, 2010/2011,Жийп Механик,
Lexus LX, 2019/2020,Жийп Автомат,
Toyota Land Cruiser 200, 2016/2016,Жийп Автомат,
Nissan Patrol, 2018/2018,Жийп Автомат,
Toyota Land Cruiser 200, 2018/2018,Жийп Автомат,
Toyota Land Cruiser 200, 2016/2016,Жийп Автомат,
Lexus LX, 2018/2018,Жийп Автомат,
Toyota Land Cruiser 200, 2018/2018,Жийп Автомат,
Lexus LX, 2016/2016,Жийп Автомат,
Lexus LX, 2017/2020,Жийп Автомат,
Toyota Highlander, 2015/2020,Жийп Автомат,
Toyota Harrier, 2009/2018,Жийп Автомат,
Toyota Camry, 2008/2008,Суудлын тэрэг Автомат,
Toyota Prius 30, 2010/2019,Суудлын тэрэг Автомат,
Toyota Hilux, 2007/2018,Жийп Автомат,
BMW 5-сери, 2009/2018,Суудлын тэрэг Автомат,
Lexus LX, 2004/2008,Жийп Автомат,
Nissan Patrol, 2018/2018,Жийп Автомат,
Toyota Corolla, 2009/2018,Суудлын тэрэг Автомат,
Toyota Prius 20, 2006/2016,Суудлын тэрэг Автомат,
Honda HR-V, 2016/2019,Жийп Автомат,
Land Rover Range Rover, 2006/2012,Жийп Автомат,
Lexus IS, 2008/2018,Суудлын тэрэг Автомат,
Hyundai Sonata, 2014/2020,Суудлын тэрэг Автомат,
Opel Бусад, 2004/2014,Суудлын тэрэг Механик,
Toyota Prius 30, 2009/2014,Суудлын тэрэг Автомат,
Volkswagen Tiguan, 2015/2019,Жийп Автомат,
Toyota Prius 30, 2011/2017,Суудлын тэрэг Автомат,
Mercedes-Benz C-Class, 2009/2019,Суудлын тэрэг Автомат,
Nissan Vanette, 2006/2019,Суудлын тэрэг Автомат,
Subaru Forester, 2017/2020,Жийп Автомат,
Toyota Prius 10, 11, 2000/2017,Суудлын тэрэг Автомат,
Toyota Prius 30, 2009/2018,Суудлын тэрэг Автомат,
Toyota Camry, 2012/2020,Суудлын тэрэг Автомат,
BMW 5-сери, 2018/2020,Суудлын тэрэг Автомат,
Toyota Prius 30, 2014/2020,Суудлын тэрэг Автомат,
BMW 5-сери, 2011/2020,Суудлын тэрэг Автомат,
Lexus HS, 2010/2020,Суудлын тэрэг Автомат,
Toyota Land Cruiser 100, 2000/2012,Жийп Автомат,
Toyota Crown, 2008/2013,Суудлын тэрэг Автомат,
Toyota Aqua, 2014/2020,Суудлын тэрэг Автомат,
Toyota Ist, 2003/2012,Суудлын тэрэг Автомат,
Toyota Prius 20, 2005/2012,Суудлын тэрэг Автомат,
